{
    "camera": {
        "type": "perspective",
        "focal_length": 1,
        "eye": [ 0,0,0 ],
        "look": [ 0,0,-1 ],
        "up": [ 0,1,0 ],
        "film_left": -1,
        "film_right": 1,
        "film_bottom": -1,
        "film_top": 1
    },
    
    "materials": [
        {
            "name": "sphere",
            
            "color_ambient": [ 0,0,0 ],
            "color_diffuse": [ 0,1,0 ],
            "color_specular": [ 1,1,1 ],
            "shininess": 10,
            
            "reflective": true,
            "color_reflect": [ 1,1,1 ],
            
            "refractive": false,
            "color_refract": [ 0.75,0.75,1 ],
            "index_of_refraction": 1.5
        },
        {
            "name": "cueball",
            
            "color_ambient": [ 0,0,0 ],
            "color_diffuse": [ 0.9,0.9,0.9 ],
            "color_specular": [ 0.1,0.1,0.1 ],
            "shininess": 10,
            
            "reflective": false,
            "color_reflect": [ 1,1,1 ],
            
            "refractive": false,
            "color_refract": [ 0.75,0.75,1 ],
            "index_of_refraction": 1.5
        },
        {
            "name": "glass",
            
            "color_ambient": [ 0,0,0 ],
            "color_diffuse": [ 0,0,0 ],
            "color_specular": [ 0,0,0 ],
            "shininess": 10,
            
            "reflective": false,
            "color_reflect": [ 0,0,0 ],
            
            "refractive": true,
            "color_refract": [ 0.75,0.75,1 ],
            "index_of_refraction": 1.5
        },
        {
            "name": "air",
            
            "color_ambient": [ 0,0,0 ],
            "color_diffuse": [ 0,0,0 ],
            "color_specular": [ 0,0,0 ],
            "shininess": 10,
            
            "reflective": false,
            "color_reflect": [ 0,0,0 ],
            
            "refractive": true,
            "color_refract": [ 1,1,1 ],
            "index_of_refraction": 1.0
        },
        {
            "name": "blue_air",
            
            "color_ambient": [ 0,0,0 ],
            "color_diffuse": [ 0,0,0 ],
            "color_specular": [ 0,0,0 ],
            "shininess": 10,
            
            "reflective": false,
            "color_reflect": [ 0,0,0 ],
            
            "refractive": true,
            "color_refract": [ 0.5,0.5,1 ],
            "index_of_refraction": 1.0
        },
        {
            "name": "heavy_blue_air",
            
            "color_ambient": [ 0,0,0 ],
            "color_diffuse": [ 0,0,0 ],
            "color_specular": [ 0,0,0 ],
            "shininess": 10,
            
            "reflective": false,
            "color_reflect": [ 0,0,0 ],
            
            "refractive": true,
            "color_refract": [ 0.5,0.5,1 ],
            "index_of_refraction": 1.05
        },
        {
            "name": "water",
            
            "color_ambient": [ 0,0,0 ],
            "color_diffuse": [ 0,0,0 ],
            "color_specular": [ 0,0,0 ],
            "shininess": 10,
            
            "reflective": false,
            "color_reflect": [ 0,0,0 ],
            
            "refractive": true,
            "color_refract": [ 0.5,0.5,1 ],
            "index_of_refraction": 1.33
        },
        {
            "name": "mirror",
            
            "color_ambient": [ 0,0,0 ],
            "color_diffuse": [ 0,0,0 ],
            "color_specular": [ 1,1,1 ],
            "shininess": 10,
            
            "reflective": true,
            "color_reflect": [ 1,1,1 ],
            
            "refractive": false,
            "color_refract": [ 0,0,0 ],
            "index_of_refraction": 1.0
        },
        {
            "name": "cylinder",
            
            "color_ambient": [ 0,0,0 ],
            "color_diffuse": [ 1,0,1 ],
            "color_specular": [ 1,1,1 ],
            "shininess": 10,
            
            "reflective": true,
            "color_reflect": [ 0.1,0.1,0.1 ],
            
            "refractive": false,
            "color_refract": [ 1,1,1 ],
            "index_of_refraction": 1
        },
        {
            "name": "plane",
            
            "color_ambient": [ 0,0,0 ],
            "color_diffuse": [ 0,0,1 ],
            "color_specular": [ 1,1,1 ],
            "shininess": 10,
            
            "reflective": false,
            "color_reflect": [ 1,1,1 ],
            
            "refractive": false,
            "color_refract": [ 1,1,1 ],
            "index_of_refraction": 1
        }
    ],
    
    "lights": [
        {
            "position": [ 0,3,0,1 ],
            "color": [ 1,1,1 ],
            "color_ambient": [ 1,1,1 ]
        }
    ],
    
    "transforms": [
        {
            "name": "identity",
            "matrix": [ [ 1,0,0,0 ], [ 0,1,0,0 ], [ 0,0,1,0 ], [ 0,0,0,1 ] ]
        },
        {
            "name": "sphere",
            "translate": [ 0,0,-4 ]
        },
        {
            "name": "sphere2",
            "translate": [ -1,1,-4 ],
            "scale": [ 0.25, 0.25, 0.25 ]
        },
        {
            "name": "sphere3",
            "translate": [ -2,0.5,-3 ],
            "scale": [ 0.2, 2, 1 ],
            "rotate": { "degrees": 45, "axis": [ 0,0,1 ] }
        },
        {
            "name": "cylinder",
            "translate": [ 2,1,-4 ],
            "rotate": { "degrees": -45, "axis": [ 1,0,0 ] }
        },
        {
            "name": "plane",
            "translate": [ 0,-1,0 ],
            "rotate": { "degrees": -90, "axis": [ 1,0,0 ] }
        },
        {
            "name": "cylinder1",
            "translate": [ 0.1,-0.8,-1.3 ],
            "scale": [ 0.25, 0.25, 2 ],
            "rotate": { "degrees": -90, "axis": [ 1,-0.1,0.1 ] }
        },
        {
            "name": "cylinder2",
            "translate": [ 0.3,0.8,-2 ],
            "scale": [ 0.25, 0.25, 2 ],
            "rotate": { "degrees": -90, "axis": [ 0,1,0 ] }
        }
    ],
    
    "shapes": [
        {
            "type": "plane",
            "transform": "plane",
            "material": "plane"
        },
        {
            "type": "cylinder",
            "transform": "cylinder1",
            "material": "heavy_blue_air"
        },
        {
            "type": "cylinder",
            "transform": "cylinder2",
            "material": "water"
        },
        {
            "type": "cylinder",
            "transform": "cylinder",
            "material": "cylinder"
        },
        {
            "type": "sphere",
            "transform": "sphere",
            "material": "cueball"
        },
        {
            "type": "sphere",
            "transform": "sphere2",
            "material": "sphere"
        },
        {
            "type": "sphere",
            "transform": "sphere3",
            "material": "sphere"
        }
    ]
}
