{
    "PipelineGUI": "FancyScene",
    "TimerMilliseconds": 10,
    
    "shaders": {
        "vertex": [ "myshader.vs" ],
        "fragment": [ "myshader.fs" ]
    },
    
    "uniforms": {
        "uTex": { "type": "texture", "value": "sunset" },
        "uTexCube": { "type": "texture", "value": "yokohama" }
    },
    
    "mesh": "sphere.obj",
    
    "textures": {
        "sunset": "sunset.png",
        "grid": "uv_grid.png",
        "yokohama": [
            "yokohama/posx.jpg",
            "yokohama/negx.jpg",
            "yokohama/posy.jpg",
            "yokohama/negy.jpg",
            "yokohama/posz.jpg",
            "yokohama/negz.jpg"
            ]
    },
    
    "ClearColor": [ 0.0, 1.0, 0.0, 1.0 ]
}
