{
    "uEnvironmentTex": { "type": "texture", "value": "yokohama" },
    
    "material.color_ambient": { "type": "3f", "value": [ 0.6941, 0.1098, 0.5843 ] },
    "material.color_diffuse": { "type": "3f", "value": [ 1.0, 1.0, 1.0 ] },
    "material.color_specular": { "type": "3f", "value": [ 0.3500, 0.3500, 0.3500 ] },
    "material.shininess": { "type": "1f", "value": 32.0 },
    
    "material.reflective": { "type": "1i", "value": 1 },
    "material.color_reflect": { "type": "3f", "value": [ 0.1, 0.1, 0.0 ] },
    
    "material.refractive": { "type": "1i", "value": 0 },
    "material.color_refract": { "type": "3f", "value": [ 0.0, 0.0, 0.0 ] },
    "material.index_of_refraction": { "type": "1f", "value": 1.1 },
    
    "material.use_diffuse_texture": { "type": "1i", "value": 1 },
    "material.use_normal_map": { "type": "1i", "value": 1 },
    "material.diffuse_texture": { "type": "texture", "value": "diffuse" },
    "material.normal_map": { "type": "texture", "value": "normals" },
    
    "num_lights": { "type": "1i", "value": 2 },
    
    "lights[0].color_ambient": { "type": "3f", "value": [ 0.1, 0.1, 0.1 ] },
    "lights[0].color": { "type": "3f", "value": [ 0.5, 0.5, 0.5 ] },
    "lights[0].position": { "type": "3f", "value": [ 0.0, 0.0, 0.0 ] },
    
    "lights[1].color_ambient": { "type": "3f", "value": [ 0.1, 0.1, 0.1 ] },
    "lights[1].color": { "type": "3f", "value": [ 0.5, 0.5, 0.5 ] },
    "lights[1].position": { "type": "3f", "value": [ 0.0, 3.0, 0.0 ] }
}